<?xml version="1.0" encoding="UTF-8" standalone="yes"?>
<addon id="repository.bradleysbuilds" name="[COLOR orange]Bradley's Builds[/COLOR]" version="1.0" provider-name="bradley">
    <extension point="xbmc.addon.repository" name="Example Repository">
        <dir>
            <info compressed="false">https://raw.githubusercontent.com/bradleybuilds/repo/master/repo/zips/addons.xml</info>
            <checksum>https://raw.githubusercontent.com/bradleybuilds/repo/master/repo/zips/addons.xml.md5</checksum>
            <datadir zip="true">https://raw.githubusercontent.com/bradleybuilds/repo/master/repo/zips/</datadir>
        </dir>
    </extension>
    <extension point="xbmc.addon.metadata">
        <summary>Bradley's Builds</summary>
        <description>Repo for the Bradley's Builds Wizard</description>
        <disclaimer></disclaimer>
        <platform>all</platform>
        <assets>
            <icon>icon.png</icon>
            <fanart>fanart.jpg</fanart>
        </assets>
    </extension>
</addon>